Workbook
Name AllData: Report!$B$7:$L$40
Name Slicer_Driver_Name1: #N/A
Name Slicer_Group1: #N/A

Sheet About
B1: About
B2: report configuration and notes powered by GRIDLINE
B4: Setup
B5: Recipient List(s): | D5: individual
B6: Date Range: | D6: yesterday
B7: Report Frequency: | D7: daily
B8: Run Date: | D8: 5am
B9: Belonging To: | D9: everything
B10: Grouping Options: | D10: n/a
B11: Run Report by: | D11: driver
B12: Rules: | D12: Status: ON, Statuses: (D, INT_D), Login/logout activity, Status: OFF,
B15: Date | C15: Editor | D15: Change Log
B16: 45355 | C16: eb | D16: Init
B17: 45393 | C17: eb | D17: Updated logic to account for logoff from last drive

Sheet Email Notification
B3: Driver Event Report
B4: powered by GRIDLINE
B5: driver log & zone event Report (manual)
B7: =IF(Data1!#REF!-Data1!#REF!>1,CONCATENATE(TEXT(Data1!#REF!,"mmm dd, yyyy")," - ",TEXT(Data1!#REF!,"mmm dd, yyyy")),TEXT(Data1!#REF!,"mmmm dd, yyyy")) -> #REF!
B12: (Please open Excel file for details)

Sheet Summary (Time Stamps)
B1: Driver Gap Time Report
B2: duration from initial login to first qualified drive powered by GRIDLINE
B4: =IF(Data1!#REF!-Data1!#REF!>1,CONCATENATE(TEXT(Data1!#REF!,"mmm dd, yyyy")," - ",TEXT(Data1!#REF!,"mmm dd, yyyy")),TEXT(Data1!#REF!,"mmmm dd, yyyy")) -> #REF!
B10: Driver Name | C10: Group | D10: Initial Login | E10: Next On | F10: Initial Departure (Zone) | G10: Final Arrival (Zone) | H10: Final Logout
B11: Alberto Perez | C11: San Antonio ADI | D11: 46105.306 | E11: 46105.307 | F11: 0 | G11: 0 | H11: 46105.767

Sheet Zone Events (Paste)
B1: Zone Events
B2: arrivals & departures powered by GRIDLINE
B4: =IF(INT([1]Data!$B$3)<>INT([1]Data!$B$4),TEXT([1]Data!$B$3,"mmm dd, yyyy")&" - "&TEXT([1]Data!$B$4,"mmm dd, yyyy"),TEXT([1]Data!$B$4,"mmmm dd, yyyy")) -> March 24, 2026
B7: Device | C7: Device Group | D7: First Name | E7: Last Name | F7: Driver | G7: Driver Group | H7: Rule | I7: Location | J7: Location Zone Types | K7: Date | L7: Start Time | M7: Duration | N7: Distance | O7: Extra Info | P7: Details | Q7: Status
B8: [Paste Zone Data Here]

Sheet Report
B1: Driver Gap Time Report
B2: duration from initial login to first qualified drive powered by GRIDLINE
B4: =IF(Data1!#REF!-Data1!#REF!>1,CONCATENATE(TEXT(Data1!#REF!,"mmm dd, yyyy")," - ",TEXT(Data1!#REF!,"mmm dd, yyyy")),TEXT(Data1!#REF!,"mmmm dd, yyyy")) -> #REF!
B7: Driver Name | C7: Username | D7: Group | E7: Start Date | F7: Date/Time | G7: Status | H7: Initial Login | I7: Next On | J7: Initial Exit | K7: Final Arrival | L7: Last Logout | M7: Index
B8: =IF(ISBLANK(Data1!C2),"",PROPER(Data1!C2&" "&Data1!D2)) | C8: =IF(ISBLANK(Data1!E2),"",LOWER(Data1!E2)) | D8: =IF(ISBLANK(Data1!F2),"",IFERROR(LEFT(Data1!F2,SEARCH(", ",Data1!F2)-1),Data1!F2)) | E8: =INT(Table2[[#This Row],[Date/Time]]) -> #VALUE! | F8: =IF(ISBLANK(Data1!A2),"",Data1!A2) | G8: =IF(ISBLANK(Data1!B2),"",Data1!B2) | H8: =_xlfn.MINIFS(Table2[Date/Time],Table2[Start Date],Table2[[#This Row],[Start Date]],Table2[Username],Table2[[#This Row],[Username]],Table2[Status],"Login") -> 0 | I8: =_xlfn.MINIFS(Table2[Date/Time],Table2[Username],Table2[[#This Row],[Username]],Table2[Date/Time],">"&Table2[[#This Row],[Initial Login]],Table2[Status],"On") -> 0 | J8: =_xlfn.MINIFS(Table3[Start Time],Table3[Driver],Table2[[#This Row],[Username]],Table3[Start Time],">="&Table2[[#This Row],[Next On]],Table3[Rule],"Exiting Zone (Office)") -> 0 | K8: =_xlfn.MAXIFS(Table3[Start Time],Table3[Driver],Table2[[#This Row],[Username]],Table3[Start Time],">="&Table2[[#This Row],[Initial Exit]],Table3[Rule],"Entering Zone (Office)") -> 0 | L8: =_xlfn.MINIFS(Table2[Date/Time],Table2[Start Date],Table2[[#This Row],[Start Date]],Table2[Username],Table2[[#This Row],[Username]],Table2[Date/Time],">="&Table2[[#This Row],[Final Arrival]],Table2[Status],"Logoff") -> 0 | M8: =ROW(Data1!A2)-10 -> -8
B9: =IF(ISBLANK(Data1!C3),"",PROPER(Data1!C3&" "&Data1!D3)) | C9: =IF(ISBLANK(Data1!E3),"",LOWER(Data1!E3)) | D9: =IF(ISBLANK(Data1!F3),"",IFERROR(LEFT(Data1!F3,SEARCH(", ",Data1!F3)-1),Data1!F3)) | E9: =INT(Table2[[#This Row],[Date/Time]]) -> #VALUE! | F9: =IF(ISBLANK(Data1!A3),"",Data1!A3) | G9: =IF(ISBLANK(Data1!B3),"",Data1!B3) | H9: =_xlfn.MINIFS(Table2[Date/Time],Table2[Start Date],Table2[[#This Row],[Start Date]],Table2[Username],Table2[[#This Row],[Username]],Table2[Status],"Login") -> 0 | I9: =_xlfn.MINIFS(Table2[Date/Time],Table2[Username],Table2[[#This Row],[Username]],Table2[Date/Time],">"&Table2[[#This Row],[Initial Login]],Table2[Status],"On") -> 0 | J9: =_xlfn.MINIFS(Table3[Start Time],Table3[Driver],Table2[[#This Row],[Username]],Table3[Start Time],">="&Table2[[#This Row],[Next On]],Table3[Rule],"Exiting Zone (Office)") -> 0 | K9: =_xlfn.MAXIFS(Table3[Start Time],Table3[Driver],Table2[[#This Row],[Username]],Table3[Start Time],">="&Table2[[#This Row],[Initial Exit]],Table3[Rule],"Entering Zone (Office)") -> 0 | L9: =_xlfn.MINIFS(Table2[Date/Time],Table2[Start Date],Table2[[#This Row],[Start Date]],Table2[Username],Table2[[#This Row],[Username]],Table2[Date/Time],">="&Table2[[#This Row],[Final Arrival]],Table2[Status],"Logoff") -> 0 | M9: =ROW(Data1!A3)-10 -> -7
B10: =IF(ISBLANK(Data1!C4),"",PROPER(Data1!C4&" "&Data1!D4)) | C10: =IF(ISBLANK(Data1!E4),"",LOWER(Data1!E4)) | D10: =IF(ISBLANK(Data1!F4),"",IFERROR(LEFT(Data1!F4,SEARCH(", ",Data1!F4)-1),Data1!F4)) | E10: =INT(Table2[[#This Row],[Date/Time]]) -> #VALUE! | F10: =IF(ISBLANK(Data1!A4),"",Data1!A4) | G10: =IF(ISBLANK(Data1!B4),"",Data1!B4) | H10: =_xlfn.MINIFS(Table2[Date/Time],Table2[Start Date],Table2[[#This Row],[Start Date]],Table2[Username],Table2[[#This Row],[Username]],Table2[Status],"Login") -> 0 | I10: =_xlfn.MINIFS(Table2[Date/Time],Table2[Username],Table2[[#This Row],[Username]],Table2[Date/Time],">"&Table2[[#This Row],[Initial Login]],Table2[Status],"On") -> 0 | J10: =_xlfn.MINIFS(Table3[Start Time],Table3[Driver],Table2[[#This Row],[Username]],Table3[Start Time],">="&Table2[[#This Row],[Next On]],Table3[Rule],"Exiting Zone (Office)") -> 0 | K10: =_xlfn.MAXIFS(Table3[Start Time],Table3[Driver],Table2[[#This Row],[Username]],Table3[Start Time],">="&Table2[[#This Row],[Initial Exit]],Table3[Rule],"Entering Zone (Office)") -> 0 | L10: =_xlfn.MINIFS(Table2[Date/Time],Table2[Start Date],Table2[[#This Row],[Start Date]],Table2[Username],Table2[[#This Row],[Username]],Table2[Date/Time],">="&Table2[[#This Row],[Final Arrival]],Table2[Status],"Logoff") -> 0 | M10: =ROW(Data1!A4)-10 -> -6
B11: =IF(ISBLANK(Data1!C5),"",PROPER(Data1!C5&" "&Data1!D5)) | C11: =IF(ISBLANK(Data1!E5),"",LOWER(Data1!E5)) | D11: =IF(ISBLANK(Data1!F5),"",IFERROR(LEFT(Data1!F5,SEARCH(", ",Data1!F5)-1),Data1!F5)) | E11: =INT(Table2[[#This Row],[Date/Time]]) -> #VALUE! | F11: =IF(ISBLANK(Data1!A5),"",Data1!A5) | G11: =IF(ISBLANK(Data1!B5),"",Data1!B5) | H11: =_xlfn.MINIFS(Table2[Date/Time],Table2[Start Date],Table2[[#This Row],[Start Date]],Table2[Username],Table2[[#This Row],[Username]],Table2[Status],"Login") -> 0 | I11: =_xlfn.MINIFS(Table2[Date/Time],Table2[Username],Table2[[#This Row],[Username]],Table2[Date/Time],">"&Table2[[#This Row],[Initial Login]],Table2[Status],"On") -> 0 | J11: =_xlfn.MINIFS(Table3[Start Time],Table3[Driver],Table2[[#This Row],[Username]],Table3[Start Time],">="&Table2[[#This Row],[Next On]],Table3[Rule],"Exiting Zone (Office)") -> 0 | K11: =_xlfn.MAXIFS(Table3[Start Time],Table3[Driver],Table2[[#This Row],[Username]],Table3[Start Time],">="&Table2[[#This Row],[Initial Exit]],Table3[Rule],"Entering Zone (Office)") -> 0 | L11: =_xlfn.MINIFS(Table2[Date/Time],Table2[Start Date],Table2[[#This Row],[Start Date]],Table2[Username],Table2[[#This Row],[Username]],Table2[Date/Time],">="&Table2[[#This Row],[Final Arrival]],Table2[Status],"Logoff") -> 0 | M11: =ROW(Data1!A5)-10 -> -5
B12: =IF(ISBLANK(Data1!C6),"",PROPER(Data1!C6&" "&Data1!D6)) | C12: =IF(ISBLANK(Data1!E6),"",LOWER(Data1!E6)) | D12: =IF(ISBLANK(Data1!F6),"",IFERROR(LEFT(Data1!F6,SEARCH(", ",Data1!F6)-1),Data1!F6)) | E12: =INT(Table2[[#This Row],[Date/Time]]) -> #VALUE! | F12: =IF(ISBLANK(Data1!A6),"",Data1!A6) | G12: =IF(ISBLANK(Data1!B6),"",Data1!B6) | H12: =_xlfn.MINIFS(Table2[Date/Time],Table2[Start Date],Table2[[#This Row],[Start Date]],Table2[Username],Table2[[#This Row],[Username]],Table2[Status],"Login") -> 0 | I12: =_xlfn.MINIFS(Table2[Date/Time],Table2[Username],Table2[[#This Row],[Username]],Table2[Date/Time],">"&Table2[[#This Row],[Initial Login]],Table2[Status],"On") -> 0 | J12: =_xlfn.MINIFS(Table3[Start Time],Table3[Driver],Table2[[#This Row],[Username]],Table3[Start Time],">="&Table2[[#This Row],[Next On]],Table3[Rule],"Exiting Zone (Office)") -> 0 | K12: =_xlfn.MAXIFS(Table3[Start Time],Table3[Driver],Table2[[#This Row],[Username]],Table3[Start Time],">="&Table2[[#This Row],[Initial Exit]],Table3[Rule],"Entering Zone (Office)") -> 0 | L12: =_xlfn.MINIFS(Table2[Date/Time],Table2[Start Date],Table2[[#This Row],[Start Date]],Table2[Username],Table2[[#This Row],[Username]],Table2[Date/Time],">="&Table2[[#This Row],[Final Arrival]],Table2[Status],"Logoff") -> 0 | M12: =ROW(Data1!A6)-10 -> -4
B13: =IF(ISBLANK(Data1!C7),"",PROPER(Data1!C7&" "&Data1!D7)) | C13: =IF(ISBLANK(Data1!E7),"",LOWER(Data1!E7)) | D13: =IF(ISBLANK(Data1!F7),"",IFERROR(LEFT(Data1!F7,SEARCH(", ",Data1!F7)-1),Data1!F7)) | E13: =INT(Table2[[#This Row],[Date/Time]]) -> #VALUE! | F13: =IF(ISBLANK(Data1!A7),"",Data1!A7) | G13: =IF(ISBLANK(Data1!B7),"",Data1!B7) | H13: =_xlfn.MINIFS(Table2[Date/Time],Table2[Start Date],Table2[[#This Row],[Start Date]],Table2[Username],Table2[[#This Row],[Username]],Table2[Status],"Login") -> 0 | I13: =_xlfn.MINIFS(Table2[Date/Time],Table2[Username],Table2[[#This Row],[Username]],Table2[Date/Time],">"&Table2[[#This Row],[Initial Login]],Table2[Status],"On") -> 0 | J13: =_xlfn.MINIFS(Table3[Start Time],Table3[Driver],Table2[[#This Row],[Username]],Table3[Start Time],">="&Table2[[#This Row],[Next On]],Table3[Rule],"Exiting Zone (Office)") -> 0 | K13: =_xlfn.MAXIFS(Table3[Start Time],Table3[Driver],Table2[[#This Row],[Username]],Table3[Start Time],">="&Table2[[#This Row],[Initial Exit]],Table3[Rule],"Entering Zone (Office)") -> 0 | L13: =_xlfn.MINIFS(Table2[Date/Time],Table2[Start Date],Table2[[#This Row],[Start Date]],Table2[Username],Table2[[#This Row],[Username]],Table2[Date/Time],">="&Table2[[#This Row],[Final Arrival]],Table2[Status],"Logoff") -> 0 | M13: =ROW(Data1!A7)-10 -> -3
B14: =IF(ISBLANK(Data1!C8),"",PROPER(Data1!C8&" "&Data1!D8)) | C14: =IF(ISBLANK(Data1!E8),"",LOWER(Data1!E8)) | D14: =IF(ISBLANK(Data1!F8),"",IFERROR(LEFT(Data1!F8,SEARCH(", ",Data1!F8)-1),Data1!F8)) | E14: =INT(Table2[[#This Row],[Date/Time]]) -> #VALUE! | F14: =IF(ISBLANK(Data1!A8),"",Data1!A8) | G14: =IF(ISBLANK(Data1!B8),"",Data1!B8) | H14: =_xlfn.MINIFS(Table2[Date/Time],Table2[Start Date],Table2[[#This Row],[Start Date]],Table2[Username],Table2[[#This Row],[Username]],Table2[Status],"Login") -> 0 | I14: =_xlfn.MINIFS(Table2[Date/Time],Table2[Username],Table2[[#This Row],[Username]],Table2[Date/Time],">"&Table2[[#This Row],[Initial Login]],Table2[Status],"On") -> 0 | J14: =_xlfn.MINIFS(Table3[Start Time],Table3[Driver],Table2[[#This Row],[Username]],Table3[Start Time],">="&Table2[[#This Row],[Next On]],Table3[Rule],"Exiting Zone (Office)") -> 0 | K14: =_xlfn.MAXIFS(Table3[Start Time],Table3[Driver],Table2[[#This Row],[Username]],Table3[Start Time],">="&Table2[[#This Row],[Initial Exit]],Table3[Rule],"Entering Zone (Office)") -> 0 | L14: =_xlfn.MINIFS(Table2[Date/Time],Table2[Start Date],Table2[[#This Row],[Start Date]],Table2[Username],Table2[[#This Row],[Username]],Table2[Date/Time],">="&Table2[[#This Row],[Final Arrival]],Table2[Status],"Logoff") -> 0 | M14: =ROW(Data1!A8)-10 -> -2
B15: =IF(ISBLANK(Data1!C9),"",PROPER(Data1!C9&" "&Data1!D9)) | C15: =IF(ISBLANK(Data1!E9),"",LOWER(Data1!E9)) | D15: =IF(ISBLANK(Data1!F9),"",IFERROR(LEFT(Data1!F9,SEARCH(", ",Data1!F9)-1),Data1!F9)) | E15: =INT(Table2[[#This Row],[Date/Time]]) -> #VALUE! | F15: =IF(ISBLANK(Data1!A9),"",Data1!A9) | G15: =IF(ISBLANK(Data1!B9),"",Data1!B9) | H15: =_xlfn.MINIFS(Table2[Date/Time],Table2[Start Date],Table2[[#This Row],[Start Date]],Table2[Username],Table2[[#This Row],[Username]],Table2[Status],"Login") -> 0 | I15: =_xlfn.MINIFS(Table2[Date/Time],Table2[Username],Table2[[#This Row],[Username]],Table2[Date/Time],">"&Table2[[#This Row],[Initial Login]],Table2[Status],"On") -> 0 | J15: =_xlfn.MINIFS(Table3[Start Time],Table3[Driver],Table2[[#This Row],[Username]],Table3[Start Time],">="&Table2[[#This Row],[Next On]],Table3[Rule],"Exiting Zone (Office)") -> 0 | K15: =_xlfn.MAXIFS(Table3[Start Time],Table3[Driver],Table2[[#This Row],[Username]],Table3[Start Time],">="&Table2[[#This Row],[Initial Exit]],Table3[Rule],"Entering Zone (Office)") -> 0 | L15: =_xlfn.MINIFS(Table2[Date/Time],Table2[Start Date],Table2[[#This Row],[Start Date]],Table2[Username],Table2[[#This Row],[Username]],Table2[Date/Time],">="&Table2[[#This Row],[Final Arrival]],Table2[Status],"Logoff") -> 0 | M15: =ROW(Data1!A9)-10 -> -1
B16: =IF(ISBLANK(Data1!C10),"",PROPER(Data1!C10&" "&Data1!D10)) | C16: =IF(ISBLANK(Data1!E10),"",LOWER(Data1!E10)) | D16: =IF(ISBLANK(Data1!F10),"",IFERROR(LEFT(Data1!F10,SEARCH(", ",Data1!F10)-1),Data1!F10)) | E16: =INT(Table2[[#This Row],[Date/Time]]) -> #VALUE! | F16: =IF(ISBLANK(Data1!A10),"",Data1!A10) | G16: =IF(ISBLANK(Data1!B10),"",Data1!B10) | H16: =_xlfn.MINIFS(Table2[Date/Time],Table2[Start Date],Table2[[#This Row],[Start Date]],Table2[Username],Table2[[#This Row],[Username]],Table2[Status],"Login") -> 0 | I16: =_xlfn.MINIFS(Table2[Date/Time],Table2[Username],Table2[[#This Row],[Username]],Table2[Date/Time],">"&Table2[[#This Row],[Initial Login]],Table2[Status],"On") -> 0 | J16: =_xlfn.MINIFS(Table3[Start Time],Table3[Driver],Table2[[#This Row],[Username]],Table3[Start Time],">="&Table2[[#This Row],[Next On]],Table3[Rule],"Exiting Zone (Office)") -> 0 | K16: =_xlfn.MAXIFS(Table3[Start Time],Table3[Driver],Table2[[#This Row],[Username]],Table3[Start Time],">="&Table2[[#This Row],[Initial Exit]],Table3[Rule],"Entering Zone (Office)") -> 0 | L16: =_xlfn.MINIFS(Table2[Date/Time],Table2[Start Date],Table2[[#This Row],[Start Date]],Table2[Username],Table2[[#This Row],[Username]],Table2[Date/Time],">="&Table2[[#This Row],[Final Arrival]],Table2[Status],"Logoff") -> 0 | M16: =ROW(Data1!A10)-10 -> 0
B17: =IF(ISBLANK(Data1!C11),"",PROPER(Data1!C11&" "&Data1!D11)) | C17: =IF(ISBLANK(Data1!E11),"",LOWER(Data1!E11)) | D17: =IF(ISBLANK(Data1!F11),"",IFERROR(LEFT(Data1!F11,SEARCH(", ",Data1!F11)-1),Data1!F11)) | E17: =INT(Table2[[#This Row],[Date/Time]]) -> #VALUE! | F17: =IF(ISBLANK(Data1!A11),"",Data1!A11) | G17: =IF(ISBLANK(Data1!B11),"",Data1!B11) | H17: =_xlfn.MINIFS(Table2[Date/Time],Table2[Start Date],Table2[[#This Row],[Start Date]],Table2[Username],Table2[[#This Row],[Username]],Table2[Status],"Login") -> 0 | I17: =_xlfn.MINIFS(Table2[Date/Time],Table2[Username],Table2[[#This Row],[Username]],Table2[Date/Time],">"&Table2[[#This Row],[Initial Login]],Table2[Status],"On") -> 0 | J17: =_xlfn.MINIFS(Table3[Start Time],Table3[Driver],Table2[[#This Row],[Username]],Table3[Start Time],">="&Table2[[#This Row],[Next On]],Table3[Rule],"Exiting Zone (Office)") -> 0 | K17: =_xlfn.MAXIFS(Table3[Start Time],Table3[Driver],Table2[[#This Row],[Username]],Table3[Start Time],">="&Table2[[#This Row],[Initial Exit]],Table3[Rule],"Entering Zone (Office)") -> 0 | L17: =_xlfn.MINIFS(Table2[Date/Time],Table2[Start Date],Table2[[#This Row],[Start Date]],Table2[Username],Table2[[#This Row],[Username]],Table2[Date/Time],">="&Table2[[#This Row],[Final Arrival]],Table2[Status],"Logoff") -> 0 | M17: =ROW(Data1!A11)-10 -> 1
B18: =IF(ISBLANK(Data1!C12),"",PROPER(Data1!C12&" "&Data1!D12)) | C18: =IF(ISBLANK(Data1!E12),"",LOWER(Data1!E12)) | D18: =IF(ISBLANK(Data1!F12),"",IFERROR(LEFT(Data1!F12,SEARCH(", ",Data1!F12)-1),Data1!F12)) | E18: =INT(Table2[[#This Row],[Date/Time]]) -> #VALUE! | F18: =IF(ISBLANK(Data1!A12),"",Data1!A12) | G18: =IF(ISBLANK(Data1!B12),"",Data1!B12) | H18: =_xlfn.MINIFS(Table2[Date/Time],Table2[Start Date],Table2[[#This Row],[Start Date]],Table2[Username],Table2[[#This Row],[Username]],Table2[Status],"Login") -> 0 | I18: =_xlfn.MINIFS(Table2[Date/Time],Table2[Username],Table2[[#This Row],[Username]],Table2[Date/Time],">"&Table2[[#This Row],[Initial Login]],Table2[Status],"On") -> 0 | J18: =_xlfn.MINIFS(Table3[Start Time],Table3[Driver],Table2[[#This Row],[Username]],Table3[Start Time],">="&Table2[[#This Row],[Next On]],Table3[Rule],"Exiting Zone (Office)") -> 0 | K18: =_xlfn.MAXIFS(Table3[Start Time],Table3[Driver],Table2[[#This Row],[Username]],Table3[Start Time],">="&Table2[[#This Row],[Initial Exit]],Table3[Rule],"Entering Zone (Office)") -> 0 | L18: =_xlfn.MINIFS(Table2[Date/Time],Table2[Start Date],Table2[[#This Row],[Start Date]],Table2[Username],Table2[[#This Row],[Username]],Table2[Date/Time],">="&Table2[[#This Row],[Final Arrival]],Table2[Status],"Logoff") -> 0 | M18: =ROW(Data1!A12)-10 -> 2
B19: =IF(ISBLANK(Data1!C13),"",PROPER(Data1!C13&" "&Data1!D13)) | C19: =IF(ISBLANK(Data1!E13),"",LOWER(Data1!E13)) | D19: =IF(ISBLANK(Data1!F13),"",IFERROR(LEFT(Data1!F13,SEARCH(", ",Data1!F13)-1),Data1!F13)) | E19: =INT(Table2[[#This Row],[Date/Time]]) -> #VALUE! | F19: =IF(ISBLANK(Data1!A13),"",Data1!A13) | G19: =IF(ISBLANK(Data1!B13),"",Data1!B13) | H19: =_xlfn.MINIFS(Table2[Date/Time],Table2[Start Date],Table2[[#This Row],[Start Date]],Table2[Username],Table2[[#This Row],[Username]],Table2[Status],"Login") -> 0 | I19: =_xlfn.MINIFS(Table2[Date/Time],Table2[Username],Table2[[#This Row],[Username]],Table2[Date/Time],">"&Table2[[#This Row],[Initial Login]],Table2[Status],"On") -> 0 | J19: =_xlfn.MINIFS(Table3[Start Time],Table3[Driver],Table2[[#This Row],[Username]],Table3[Start Time],">="&Table2[[#This Row],[Next On]],Table3[Rule],"Exiting Zone (Office)") -> 0 | K19: =_xlfn.MAXIFS(Table3[Start Time],Table3[Driver],Table2[[#This Row],[Username]],Table3[Start Time],">="&Table2[[#This Row],[Initial Exit]],Table3[Rule],"Entering Zone (Office)") -> 0 | L19: =_xlfn.MINIFS(Table2[Date/Time],Table2[Start Date],Table2[[#This Row],[Start Date]],Table2[Username],Table2[[#This Row],[Username]],Table2[Date/Time],">="&Table2[[#This Row],[Final Arrival]],Table2[Status],"Logoff") -> 0 | M19: =ROW(Data1!A13)-10 -> 3
... B40: =IF(ISBLANK(Data1!C34),"",PROPER(Data1!C34&" "&Data1!D34)) | C40: =IF(ISBLANK(Data1!E34),"",LOWER(Data1!E34)) | D40: =IF(ISBLANK(Data1!F34),"",IFERROR(LEFT(Data1!F34,SEARCH(", ",Data1!F34)-1),Data1!F34)) | E40: =INT(Table2[[#This Row],[Date/Time]]) -> #VALUE! | F40: =IF(ISBLANK(Data1!A34),"",Data1!A34) | G40: =IF(ISBLANK(Data1!B34),"",Data1!B34) | H40: =_xlfn.MINIFS(Table2[Date/Time],Table2[Start Date],Table2[[#This Row],[Start Date]],Table2[Username],Table2[[#This Row],[Username]],Table2[Status],"Login") -> 0 | I40: =_xlfn.MINIFS(Table2[Date/Time],Table2[Username],Table2[[#This Row],[Username]],Table2[Date/Time],">"&Table2[[#This Row],[Initial Login]],Table2[Status],"On") -> 0 | J40: =_xlfn.MINIFS(Table3[Start Time],Table3[Driver],Table2[[#This Row],[Username]],Table3[Start Time],">="&Table2[[#This Row],[Next On]],Table3[Rule],"Exiting Zone (Office)") -> 0 | K40: =_xlfn.MAXIFS(Table3[Start Time],Table3[Driver],Table2[[#This Row],[Username]],Table3[Start Time],">="&Table2[[#This Row],[Initial Exit]],Table3[Rule],"Entering Zone (Office)") -> 0 | L40: =_xlfn.MINIFS(Table2[Date/Time],Table2[Start Date],Table2[[#This Row],[Start Date]],Table2[Username],Table2[[#This Row],[Username]],Table2[Date/Time],">="&Table2[[#This Row],[Final Arrival]],Table2[Status],"Logoff") -> 0 | M40: =ROW(Data1!A34)-10 -> 24

Sheet Data1

Sheet Data2
